<?xml version="1.0" encoding="utf-8"?>
<OpenSearchDescription xmlns="http://a9.com/-/spec/opensearch/1.1/" xmlns:moz="http://www.mozilla.org/2006/browser/search/">
  <ShortName>Qmamu</ShortName>
  <LongName>Qmamu Search</LongName>
  <Description>Search Qmamu</Description>
  <InputEncoding>UTF-8</InputEncoding>
  <image width="16" height="16" type="image/x-icon">https://qmamu.com/favicon.ico</image>
  <image width="64" height="64" type="image/png">https://qmamu.com/favicon.ico</image>
  <Url type="text/html" method="get" template="https://qmamu.com/search/?q={searchTerms}" />
  <moz:SearchForm>https://qmamu.com/search</moz:SearchForm>
</OpenSearchDescription>
